id,cluster
365707,7
365709,2
365710,8
365711,7
365712,3
365713,8
365714,8
365715,2
365716,8
365717,8
365718,8
365719,8
365720,8
365721,2
365723,8
365724,8
365725,8
365722,8
365726,8
365727,8
365728,8
365729,8
365730,2
365731,0
365732,1
365733,4
365734,8
365735,3
365736,11
365737,3
365738,3
365739,8
365740,0
365741,0
365742,6
365743,1
365744,0
365745,9
365746,8
365747,8
365748,8
365749,0
365750,8
365751,8
365752,7
365753,8
365754,7
365755,3
365756,8
365757,1
365758,4
365759,1
365760,7
365761,0
365762,8
365763,8
365764,8
365765,3
365766,3
365767,0
365768,0
365769,0
365770,8
365771,11
365772,0
365773,8
365774,8
365775,2
365776,2
365777,2
365778,2
365779,3
365780,8
365781,2
365782,2
365783,2
365784,2
365785,2
365786,8
365787,2
365788,2
365789,1
365790,2
365791,4
365792,3
365793,1
365794,3
365795,4
365796,2
365797,3
365798,1
365799,8
365800,0
365801,11
365802,4
365803,8
365804,2
365805,2
365806,8
365807,3
365808,2
365809,9
365810,8
365811,8
365812,8
365813,2
365814,3
365815,1
365816,6
365817,9
365818,2
365819,4
365820,11
365821,11
365822,4
365823,9
365824,9
365825,7
365826,5
365827,11
365828,4
365829,2
365830,8
365831,8
365832,1
365833,11
365834,3
365835,3
365836,11
365837,1
365838,3
365839,4
365840,8
365841,1
365842,8
365843,2
365844,1
365845,8
365846,2
365847,2
365848,2
365849,4
365850,2
365851,2
365852,2
365853,2
365854,2
365855,1
365856,2
365857,2
365858,2
365859,2
365860,3
365861,8
365862,2
365863,2
365864,2
365865,4
365866,8
365867,2
365868,11
365869,8
365870,3
365871,2
365872,7
365874,2
365875,8
365876,5
365877,6
365878,4
365879,4
365880,6
365881,2
365882,10
365883,8
365884,5
365885,1
365886,2
365887,8
365888,0
365889,8
365890,8
365891,0
365892,8
365893,4
365894,8
365895,8
365896,11
365897,0
365898,8
365899,0
365900,10
365901,6
365902,8
365903,8
365904,2
365905,8
365906,1
365907,6
365908,8
365909,1
365910,9
365911,8
365912,8
365913,8
365914,1
365915,2
365916,0
365917,4
365918,2
365919,8
365920,2
365921,8
365922,1
365923,6
365924,10
365925,0
365926,8
365927,6
365928,2
365929,8
365930,7
365931,2
365932,0
365933,8
365934,6
365935,4
365936,8
365937,1
365938,6
365939,6
365940,8
365941,8
365942,8
365943,8
365944,3
365945,2
365946,9
365947,2
365948,1
365949,3
365950,0
365951,11
365952,3
365953,6
365954,4
365955,6
365956,2
365957,8
365958,9
365959,6
365960,2
365961,2
365962,8
365963,3
365964,11
365965,2
365966,8
365967,2
365968,2
365969,6
365970,11
365971,8
365972,8
365973,8
365974,6
365975,8
365976,3
365977,2
365978,8
365979,6
365980,3
365981,3
365982,6
365983,2
365984,2
365985,2
365986,2
365987,2
365988,9
365989,2
365990,2
365991,2
365992,6
365993,5
365994,0
365995,2
365996,7
365997,2
365998,4
365999,3
366000,6
366001,2
366002,0
366003,4
366004,3
366005,2
366006,2
366007,3
366008,0
366009,8
366010,0
366011,2
366012,4
366013,6
366014,2
366015,8
366016,11
366017,2
366018,0
366019,8
366020,4
366021,2
366022,2
366023,2
366024,8
366025,8
366026,2
366027,2
366028,2
366029,0
366030,4
366031,1
366032,2
366033,2
366034,2
366035,10
366036,8
366037,8
366038,2
366039,8
366040,2
366041,6
366042,2
366043,2
366044,4
366045,2
366046,10
366047,2
366048,11
366049,8
366050,8
366051,7
366053,2
366054,8
366055,6
366056,1
366057,5
366058,3
366059,8
366060,4
366061,8
366062,0
366063,11
366064,0
366065,1
366066,6
366067,10
366068,2
366069,6
366070,0
366071,5
366072,2
366073,3
366074,2
366075,8
366076,8
366077,0
366078,7
366079,4
366080,8
366081,8
366082,0
366083,8
366084,8
366085,3
366086,9
366087,0
366088,9
366089,5
366090,0
366091,8
366092,3
366093,1
366094,8
366095,1
366096,1
366097,10
366098,0
366099,8
366100,11
366101,8
366102,9
366103,0
366104,11
366105,8
366106,11
366107,8
366108,3
366109,1
366110,8
366111,8
366112,4
366113,0
366114,8
366115,0
366116,2
366117,8
366118,0
366119,8
366120,0
366121,8
366122,0
366123,8
366124,0
366125,8
366126,3
366127,0
366128,8
366129,9
366130,8
366131,9
366132,8
366133,8
366134,8
366135,8
366137,8
366138,9
366139,2
366140,4
366141,1
366142,1
366143,4
366144,6
366145,8
366146,7
366147,6
366148,7
366149,7
366150,7
366151,0
366152,8
366153,10
366154,4
366155,8
366156,3
366157,2
366158,8
366159,8
366160,8
366161,8
366162,6
366163,8
366164,2
366165,10
366166,9
366167,9
366168,6
366169,2
366170,3
366171,8
366172,9
366173,8
366174,9
366175,8
366176,8
366177,4
366178,0
366179,7
366180,1
366181,8
366182,5
366183,0
366184,0
366185,4
366186,0
366187,8
366188,0
366189,0
366190,0
366191,4
366192,4
366193,4
366194,0
366195,0
366196,8
366197,4
366198,4
366199,8
366200,1
366201,11
366202,0
366203,0
366204,3
366205,0
366206,2
366207,4
366208,4
366209,2
366210,4
366211,2
366212,10
366213,3
366214,1
366215,0
366216,3
366217,8
366218,2
366219,0
366220,1
366221,8
366222,8
366223,6
366224,8
366225,3
366226,7
366228,2
366229,8
366230,7
366231,7
366232,2
366233,8
366234,3
366235,8
366236,1
366237,10
366238,8
366239,6
366240,0
366241,11
366242,1
366243,8
366244,1
366245,8
366246,4
366247,5
366248,9
366249,0
366250,8
366251,1
366252,8
366253,0
366254,8
366255,0
366256,0
366257,8
366258,8
366259,0
366260,1
366261,9
366262,0
366263,0
366264,0
366265,8
366266,0
366267,0
366268,9
366269,6
366270,2
366271,1
366272,8
366273,0
366274,8
366275,8
366276,2
366277,9
366278,3
366279,1
366280,0
366281,8
366282,8
366283,8
366284,0
366285,8
366286,9
366287,1
366288,3
366289,5
366290,8
366291,8
366292,4
366293,0
366294,3
366295,9
366296,8
366297,8
366298,8
366299,11
366300,8
366301,3
366302,6
366303,8
366304,8
366305,8
366306,8
366307,2
366308,4
366309,0
366310,7
366311,7
366312,7
366313,8
366314,1
366315,11
366316,0
366317,8
366319,8
366320,1
366321,8
366322,3
366323,0
366324,6
366325,9
366326,8
366327,1
366328,0
366329,0
366330,2
366331,7
366332,7
366333,8
366334,9
366335,8
366337,3
366338,8
366339,8
366340,0
366341,2
366342,5
366343,6
366344,0
366345,0
366346,2
366347,9
366348,2
366349,8
366350,4
366351,0
366352,0
366353,0
366354,8
366355,8
366356,1
366357,4
366358,8
366359,8
366360,4
366361,1
366362,2
366363,1
366364,1
366365,6
366366,4
366367,8
366368,0
366369,4
366370,4
366371,8
366372,8
366373,6
366374,4
366375,4
366376,8
366377,8
366378,2
366379,8
366380,8
366381,6
366382,1
366383,11
366384,0
366385,4
366386,4
366387,6
366388,6
366389,2
366390,2
366391,4
366392,4
366393,2
366394,4
366395,2
366396,2
366397,6
366398,4
366399,4
366400,2
366401,8
366402,8
366403,1
366404,3
366405,0
366406,3
366407,1
366408,1
366409,3
366410,8
366411,8
366412,6
366413,2
366414,2
366415,7
366417,8
366418,6
366419,2
366420,6
366421,8
366422,8
366423,3
366424,3
366425,6
366426,2
366427,2
366428,6
366429,8
366430,8
366431,1
366432,3
366433,8
366434,8
366435,8
366436,8
366437,1
366438,10
366439,6
366440,8
366441,3
366442,4
366443,1
366444,2
366445,2
366446,6
366447,3
366448,2
366449,7
366451,2
366452,8
366453,10
366454,1
366455,8
366456,2
366457,3
366458,8
366459,0
366460,8
366461,8
366462,1
366463,10
366464,4
366465,1
366466,1
366467,6
366468,0
366469,8
366470,11
366471,8
366472,8
366473,1
366475,8
366474,1
366476,1
366477,3
366478,0
366479,0
366480,0
366481,0
366482,8
366483,0
366484,8
366485,0
366486,0
366487,1
366488,8
366489,5
366490,8
366491,8
366492,6
366493,0
366494,3
366495,2
366496,0
366497,0
366498,8
366499,8
366500,8
366501,1
366502,8
366503,0
366504,6
366505,8
366506,8
366507,8
366508,8
366509,10
366510,6
366511,9
366512,1
366513,9
366514,9
366515,0
366516,8
366517,0
366518,8
366519,2
366520,9
366521,0
366522,9
366523,3
366524,8
366525,8
366526,8
366527,8
366528,6
366529,8
366530,3
366531,6
366532,8
366533,8
366534,6
366535,0
366536,8
366537,8
366538,8
366539,8
366540,8
366541,8
366542,8
366543,8
366544,9
366545,11
366546,9
366547,3
366549,8
366550,6
366551,2
366552,8
366553,3
366554,11
366555,0
366556,4
366557,8
366558,8
366559,8
366560,0
366561,8
366562,8
366563,2
366564,10
366565,3
366566,8
366567,8
366568,0
366569,0
366570,2
366571,8
366572,0
366573,2
366574,4
366575,1
366576,8
366577,2
366578,9
366579,8
366580,2
366581,2
366582,6
366583,3
366584,3
366585,3
366586,2
366587,8
366588,8
366589,5
366590,3
366591,11
366592,1
366593,0
366594,1
366595,9
366596,8
366597,8
366598,2
366599,2
366600,2
366601,8
366602,6
366603,4
366604,4
366605,4
366606,1
366607,4
366608,6
366609,6
366610,1
366611,4
366612,4
366613,9
366614,0
366615,10
366616,4
366617,4
366618,4
366619,11
366620,0
366621,3
366622,2
366623,4
366624,8
366625,8
366626,2
366627,11
366628,1
366629,8
366630,1
366631,7
366633,2
366634,8
366635,11
366636,1
366637,6
366638,8
366639,1
366640,8
366641,4
366642,11
366643,8
366644,0
366645,0
366646,3
366647,6
366648,2
366649,6
366650,0
366651,8
366652,2
366653,6
366654,0
366655,1
366656,0
366657,2
366658,0
366659,2
366660,8
366661,0
366662,0
366663,0
366664,0
366665,0
366666,0
366667,2
366668,6
366669,8
366670,0
366671,1
366672,0
366673,3
366674,11
366675,2
366676,8
366677,3
366678,9
366679,0
366680,8
366681,8
366682,8
366683,1
366684,8
366685,8
366686,8
366687,3
366688,8
366689,11
366690,8
366691,3
366692,1
366693,8
366694,10
366695,3
366696,8
366697,8
366698,3
366699,0
366700,8
366701,1
366702,9
366703,8
366704,8
366705,3
366706,0
366707,8
366708,0
366709,0
366710,0
366711,8
366712,3
366713,1
366714,0
366715,8
366716,9
366717,9
366718,5
366719,8
366720,8
366721,8
366722,9
366723,2
366724,9
366725,1
366726,9
366727,0
366728,9
366729,8
366730,10
366731,9
366732,8
366733,0
366734,8
366735,8
366736,3
366737,8
366738,0
366739,0
366740,3
366741,1
366742,3
366743,8
366744,8
366745,8
366746,11
366747,11
366748,6
366749,9
366750,8
366751,8
366752,7
366753,0
366754,8
366755,3
366756,7
366757,7
366758,0
366760,0
366761,8
366763,3
366764,0
366765,8
366766,2
366767,3
366768,3
366769,5
366770,0
366771,2
366772,11
366773,0
366774,0
366775,3
366776,0
366777,4
366778,3
366779,0
366780,3
366781,1
366782,1
366783,5
366784,0
366785,11
366786,6
366787,4
366788,8
366789,8
366790,4
366791,4
366792,8
366793,1
366794,8
366795,3
366796,2
366797,0
366798,4
366799,3
366800,10
366801,6
366802,8
366803,1
366804,4
366805,8
366806,8
366807,3
366808,8
366809,1
366810,1
366811,4
366812,7
366814,2
366815,8
366816,2
366817,1
366818,2
366819,4
366820,0
366821,4
366822,8
366823,10
366824,11
366825,8
366826,1
366827,10
366828,0
366829,9
366830,4
366831,0
366832,0
366833,0
366834,8
366835,0
366836,9
366837,0
366838,1
366839,0
366840,8
366841,8
366842,0
366843,6
366844,8
366845,8
366846,8
366847,3
366848,10
366849,8
366850,8
366851,3
366852,0
366853,8
366854,8
366855,0
366856,1
366857,11
366858,4
366859,8
366860,8
366861,1
366862,0
366863,3
366864,8
366865,8
366866,8
366867,0
366868,8
366869,8
366870,11
366871,8
366872,8
366873,6
366874,1
366875,10
366876,1
366878,9
366880,0
366881,8
366882,1
366883,9
366884,8
366885,2
366886,8
366887,0
366888,8
366889,0
366890,0
366891,8
366892,0
366893,6
366894,8
366895,1
366896,1
366898,1
366899,1
366900,2
366901,6
366902,4
366903,0
366904,8
366905,1
366906,8
366907,1
366908,4
366909,9
366910,6
366911,2
366912,8
366913,6
366914,1
366915,8
366916,9
366917,2
366918,2
366919,2
366920,9
366921,0
366922,0
366923,8
366924,1
366925,8
366926,5
366927,2
366928,6
366929,2
366930,8
366931,1
366932,6
366933,7
366934,1
366935,2
366936,11
366937,9
366938,3
366939,1
366940,6
366941,8
366942,4
366943,5
366944,2
366945,8
366946,8
366947,8
366948,9
366949,4
366950,5
366951,9
366952,4
366953,5
366954,3
366955,7
366956,2
366957,3
366958,5
366959,5
366960,8
366961,3
366962,3
366963,1
366964,8
366965,0
366966,2
366967,10
366968,6
366969,1
366970,8
366971,3
366972,8
366973,5
366974,0
366975,2
366976,10
366977,8
366978,7
366979,2
366980,0
366981,11
366982,8
366983,2
366984,0
366985,1
366986,3
366987,1
366988,2
366989,1
366990,6
366991,2
366992,2
366993,4
366994,8
366995,2
366996,1
366997,1
366998,8
366999,11
367000,7
367002,2
367003,8
367004,4
367005,5
367006,8
367007,7
367008,0
367009,8
367010,8
367011,2
367012,1
367013,8
367014,11
367015,0
367016,8
367017,8
367018,0
367019,0
367020,2
367021,11
367022,9
367023,1
367024,0
367025,8
367026,11
367027,7
367028,8
367029,2
367030,9
367031,1
367032,1
367033,8
367034,1
367035,8
367036,8
367037,6
367038,3
367039,8
367040,0
367041,8
367042,8
367043,8
367044,0
367045,0
367046,2
367047,8
367048,0
367049,5
367050,1
367051,0
367052,0
367053,8
367054,11
367055,5
367056,0
367057,0
367058,0
367059,8
367060,8
367061,8
367062,9
367063,8
367064,8
367065,0
367066,8
367067,0
367068,0
367069,8
367070,0
367071,8
367072,11
367073,7
367074,8
367075,8
367076,8
367077,8
367078,0
367079,8
367080,8
367081,0
367082,0
367083,8
367084,5
367085,11
367086,0
367087,8
367088,8
367089,8
367090,5
367091,2
367092,6
367093,8
367094,8
367095,11
367096,6
367097,0
367098,2
367099,9
367101,0
367102,6
367103,2
367104,2
367105,2
367106,2
367107,0
367108,5
367109,7
367110,2
367111,7
367112,7
367113,8
367114,5
367115,7
367116,8
367117,8
367118,7
367119,8
367120,9
367121,8
367122,8
367123,0
367124,0
367125,8
367126,2
367127,5
367128,7
367129,1
367130,11
367131,1
367132,10
367133,0
367134,2
367135,8
367136,0
367137,0
367138,1
367139,0
367140,0
367141,2
367142,10
367143,9
367144,9
367145,2
367146,9
367147,8
367148,8
367149,9
367150,6
367151,2
367152,8
367153,8
367155,2
367156,8
367157,2
367158,2
367159,1
367160,2
367161,4
367162,1
367163,2
367164,5
367165,11
367166,8
367167,0
367168,0
367169,0
367170,8
367171,8
367172,0
367173,8
367174,3
367175,8
367176,8
367177,8
367178,8
367179,8
367180,2
367181,8
367182,6
367183,8
367184,11
367185,8
367186,4
367187,8
367188,8
367189,8
367190,8
367191,9
367192,0
367193,3
367194,1
367195,5
367196,1
367197,8
367198,0
367199,5
367200,8
367201,1
367202,0
367203,11
367204,8
367205,1
367206,10
367207,5
367208,0
367209,11
367210,0
367211,0
367212,8
367213,1
367214,1
367215,8
367216,1
367217,0
367218,9
367219,1
367220,3
367221,8
367222,3
367223,8
367224,0
367225,1
367226,0
367227,9
367228,0
367229,8
367230,1
367231,8
367232,4
367233,9
367234,4
367235,6
367236,3
367237,9
367238,9
367239,6
367240,8
367241,1
367242,0
367243,6
367244,11
367245,9
367246,1
367247,2
367248,0
367249,10
367250,2
367251,2
367252,6
367253,11
367254,9
367255,5
367256,2
367257,6
367258,2
367259,6
367260,9
367261,6
367262,4
367263,1
367264,8
367265,0
367266,2
367267,6
367268,11
367269,4
367270,4
367271,2
367272,4
367273,6
367274,8
367275,4
367276,6
367277,6
367278,2
367279,3
367280,2
367281,1
367282,6
367283,6
367284,3
367285,4
367286,4
367287,6
367288,2
367289,6
367290,6
367291,2
367292,4
367293,4
367294,2
367296,6
367297,4
367298,6
367299,6
367300,1
367301,8
367302,1
367303,8
367304,1
367305,3
367306,2
367307,0
367308,1
367309,11
367310,8
367311,2
367312,4
367313,8
367314,0
367315,8
367316,8
367317,1
367318,3
367319,11
367320,2
367321,1
367322,1
367323,1
367324,2
367325,8
367326,7
367328,4
367329,2
367330,6
367331,3
367332,6
367333,6
367334,4
367335,4
367336,8
367337,1
367338,2
367339,2
367340,4
367341,6
367342,1
367343,4
367344,8
367345,3
367346,7
367348,2
367349,8
367350,8
367351,3
367352,2
367353,8
367354,8
367355,3
367356,8
367357,0
367358,8
367359,1
367360,11
367361,8
367362,8
367363,2
367364,8
367365,5
367366,3
367367,0
367368,0
367369,0
367370,3
367371,6
367372,8
367373,8
367374,2
367375,8
367376,9
367377,1
367378,8
367379,7
367380,8
367381,3
367382,6
367383,9
367384,1
367385,8
367386,8
367387,8
367388,8
367389,8
367390,9
367391,8
367392,8
367393,8
367394,8
367395,2
367396,1
367397,4
367398,8
367399,8
367400,0
367401,2
367402,1
367403,8
367404,2
367405,1
367406,8
367407,8
367408,5
367409,9
367410,9
367411,11
367412,2
367413,2
367414,4
367415,10
367416,8
367417,8
367418,8
367419,2
367420,2
367421,8
367422,8
367423,8
367424,8
367425,1
367426,8
367427,8
367428,11
367429,2
367430,1
367431,1
367432,4
367433,7
367434,4
367435,7
367436,3
367437,4
367438,8
367439,8
367440,8
367442,2
367443,1
367444,8
367445,4
367446,3
367447,1
367448,8
367449,2
367450,6
367451,8
367452,2
367453,8
367454,3
367455,8
367456,8
367457,2
367458,4
367459,5
367460,3
367461,1
367462,8
367463,1
367464,1
367465,4
367466,8
367467,2
367468,8
367469,6
367470,4
367471,8
367472,9
367473,9
367474,8
367475,2
367476,8
367477,3
367478,8
367479,1
367480,8
367481,2
367482,4
367483,2
367484,3
367485,3
367486,8
367487,8
367488,8
367489,4
367490,7
367492,2
367493,8
367494,2
367495,8
367496,10
367497,10
367498,4
367499,7
367500,8
367501,11
367502,1
367503,0
367504,8
367505,1
367506,8
367507,8
367508,1
367509,8
367510,2
367511,8
367512,1
367513,8
367514,4
367515,1
367516,9
367517,9
367518,0
367519,1
367520,8
367521,9
367522,8
367523,3
367524,8
367525,0
367526,10
367527,6
367528,2
367529,8
367530,8
367531,8
367532,9
367533,8
367534,2
367535,0
367536,8
367537,8
367538,8
367539,8
367540,8
367541,0
367542,8
367543,1
367544,8
367545,8
367546,7
367547,8
367548,3
367549,8
367550,0
367551,9
367552,2
367553,8
367554,0
367555,8
367556,0
367557,3
367558,9
367559,9
367560,8
367561,2
367562,8
367563,0
367564,8
367565,0
367566,3
367567,3
367568,8
367569,8
367570,8
367571,6
367572,2
367573,7
367574,2
367575,9
367576,5
367577,3
367578,8
367579,7
367580,7
367581,2
367582,1
367583,3
367584,1
367585,8
367586,0
367587,1
367588,9
367589,8
367590,1
367591,3
367592,8
367593,2
367594,1
367595,0
367596,7
367597,7
367598,1
367599,1
367600,8
367601,1
367602,3
367603,2
367604,2
367605,5
367606,8
367607,3
367608,2
367609,9
367610,0
367611,1
367612,8
367613,8
367614,1
367615,2
367616,1
367617,0
367618,0
367619,8
367620,4
367621,0
367622,4
367623,2
367624,4
367625,2
367626,0
367627,4
367628,8
367629,2
367630,8
367631,0
367632,2
367633,2
367634,3
367635,4
367636,4
367637,2
367638,2
367639,2
367640,1
367641,4
367642,4
367643,2
367644,2
367645,6
367646,8
367647,2
367648,7
367650,2
367651,8
367652,6
367653,2
367654,1
367655,8
367656,2
367657,8
367658,2
367659,0
367660,11
367661,8
367662,3
367663,0
367664,8
367665,2
367666,1
367667,8
367668,8
367669,2
367670,11
367671,2
367672,8
367673,0
367674,8
367675,8
367676,7
367677,7
367678,3
367679,8
367680,8
367681,1
367682,8
367683,3
367684,11
367685,8
367686,8
367687,8
367688,8
367689,0
367690,2
367691,8
367692,3
367693,8
367694,8
367695,11
367696,1
367697,8
367698,8
367699,8
367700,3
367701,5
367702,8
367703,0
367704,8
367705,3
367706,2
367707,11
367708,3
367709,0
367710,0
367711,8
367712,8
367713,0
367714,0
367715,8
367716,8
367717,8
367718,0
367719,5
367720,3
367721,8
367722,8
367723,9
367724,8
367725,8
367726,0
367727,9
367728,0
367729,8
367730,5
367731,8
367732,0
367733,8
367734,9
367735,8
367736,11
367737,8
367738,9
367739,3
367740,8
367741,9
367742,6
367743,2
367744,0
367745,1
367746,8
367747,8
367748,2
367749,6
367750,11
367751,8
367752,8
367753,1
367754,3
367755,0
367756,8
367757,8
367758,2
367759,2
367760,4
367761,1
367762,2
367763,2
367764,2
367765,9
367766,8
367767,8
367768,8
367769,8
367770,9
367771,11
367772,7
367773,1
367774,3
367775,4
367776,3
367777,2
367778,8
367779,8
367780,5
367781,8
367782,3
367783,8
367784,11
367785,1
367786,7
367787,0
367788,8
367789,2
367790,8
367791,4
367793,8
367794,1
367795,8
367796,8
367797,2
367798,8
367799,9
367800,9
367801,9
367802,2
367803,7
367805,2
367806,8
367807,7
367808,7
367809,0
367810,4
367811,1
367812,1
367813,8
367814,0
367815,11
367816,8
367817,2
367818,8
367819,8
367820,1
367821,7
367822,1
367823,0
367824,3
367825,8
367826,8
367827,1
367828,8
367829,9
367830,0
367831,8
367832,0
367833,8
367834,1
367835,8
367836,8
367837,8
367838,8
367839,3
367840,9
367841,11
367842,5
367843,0
367844,11
367845,0
367846,0
367847,7
367848,2
367849,0
367850,8
367851,7
367852,8
367853,1
367854,8
367855,8
367856,6
367857,3
367858,7
367859,8
367860,9
367861,9
367862,8
367863,3
367864,9
367865,9
367866,8
367867,8
367868,0
367869,8
367870,3
367871,9
367872,9
367873,9
367874,0
367875,0
367876,8
367877,5
367878,10
367879,10
367880,8
367881,0
367882,8
367883,6
367884,8
367885,7
367886,7
367887,7
367888,7
367889,0
367890,0
367891,8
367892,0
367893,0
367894,6
367895,3
367896,8
367897,6
367898,2
367899,0
367900,8
367901,7
367902,8
367903,7
367904,0
367905,0
367906,3
367907,0
367908,0
367909,3
367910,0
367911,0
367912,1
367913,8
367914,1
367915,0
367916,8
367917,7
367918,0
367919,1
367920,2
367921,8
367922,5
367923,9
367924,8
367925,8
367926,8
367927,2
367928,8
367929,1
367930,1
367931,8
367932,6
367933,8
367934,2
367935,0
367936,0
367937,8
367938,8
367939,2
367940,0
367941,2
367942,8
367943,8
367944,2
367945,2
367946,8
367947,2
367948,6
367949,8
367950,8
367951,8
367952,2
367953,9
367954,8
367955,2
367956,1
367957,1
367958,2
367959,1
367960,6
367961,0
367962,2
367963,8
367964,7
367966,2
367967,8
367968,7
367969,8
367970,1
367971,3
367972,11
367973,11
367974,5
367975,1
367976,8
367977,1
367978,0
367979,8
367980,0
367981,10
367982,10
367983,0
367984,3
367985,8
367986,1
367987,0
367988,8
367989,6
367990,8
367991,8
367992,8
367993,8
367994,1
367995,8
367996,8
367997,0
367998,0
367999,9
368000,0
368001,8
368002,8
368003,5
368004,8
368005,8
368006,11
368007,8
368008,8
368009,0
368010,8
368011,7
368012,9
368013,9
368014,8
368015,9
368016,8
368017,8
368018,9
368019,1
368020,9
368021,8
368022,8
368023,8
368024,8
368025,10
368026,8
368027,8
368028,9
368029,9
368030,8
368031,8
368032,1
368033,5
368034,5
368035,0
368036,9
368037,9
368038,5
368039,4
368040,5
368041,3
368042,2
368043,8
368044,8
368045,2
368046,3
368047,5
368048,5
368049,0
368050,8
368051,5
368052,5
368053,0
368054,1
368055,8
368056,0
368057,2
368058,2
368059,5
368060,0
368061,6
368062,11
368063,8
368064,0
368065,0
368066,5
368067,2
368068,9
368069,8
368070,4
368071,9
368072,7
368073,2
368074,2
368075,9
368076,7
368077,1
368078,5
368079,1
368080,8
368081,0
368082,5
368083,2
368084,8
368085,2
368086,1
368087,9
368088,8
368089,8
368090,9
368091,5
368092,2
368093,8
368094,1
368095,2
368096,2
368097,2
368098,0
368099,8
368100,4
368101,4
368102,8
368103,2
368104,8
368105,2
368106,8
368107,11
368108,8
368109,2
368110,0
368111,8
368112,8
368113,1
368114,0
368115,8
368116,8
368117,2
368118,2
368119,2
368120,2
368121,1
368122,1
368123,4
368125,1
368126,1
368127,8
368128,8
368129,0
368131,8
368130,1
368132,7
368134,3
368135,1
368136,2
368137,4
368138,4
368139,2
368140,4
368141,8
368142,1
368143,6
368144,8
368146,8
368147,8
368148,8
368145,1
368149,8
368150,6
368151,1
368152,7
368154,2
368155,8
368156,4
368157,8
368158,8
368159,8
368160,8
368161,8
368162,8
368163,8
368164,8
368165,11
368166,8
368167,9
368168,1
368169,8
368170,0
368171,0
368172,1
368173,1
368174,8
368175,0
368176,0
368177,0
368178,8
368179,7
368180,8
368181,3
368182,8
368183,2
368184,1
368185,5
368186,8
368187,9
368188,0
368189,0
368190,8
368191,11
368192,8
368193,8
368194,8
368195,8
368196,2
368197,8
368198,1
368199,8
368200,8
368201,3
368202,8
368203,0
368204,8
368205,8
368206,8
368207,9
368208,0
368209,8
368210,0
368211,1
368212,1
368213,2
368214,9
368215,8
368216,8
368217,8
368218,11
368219,1
368220,0
368221,0
368222,2
368223,8
368224,0
368225,3
368226,9
368227,8
368228,3
368229,3
368230,0
368231,1
368232,9
368233,0
368234,9
368235,1
368236,1
368237,8
368238,9
368239,8
368240,9
368241,8
368242,0
368243,9
368244,8
368245,0
368246,8
368247,8
368248,8
368249,0
368250,8
368251,11
368252,11
368254,8
368255,8
368256,0
368257,2
368258,5
368259,9
368260,8
368261,2
368262,8
368263,8
368264,2
368265,8
368266,8
368267,8
368268,3
368269,8
368270,1
368271,9
368272,8
368273,8
368274,9
368275,8
368276,1
368277,3
368278,0
368279,9
368280,2
368281,8
368282,0
368283,7
368284,8
368285,8
368286,9
368287,5
368288,9
368289,8
368290,8
368291,9
368292,3
368293,9
368294,3
368295,10
368296,2
368297,1
368298,8
368299,8
368300,8
368301,8
368302,8
368303,8
368304,8
368305,2
368306,6
368307,8
368308,9
368309,8
368310,8
368312,11
368313,8
368314,1
368315,7
368317,2
368318,8
368319,5
368320,11
368321,8
368322,8
368323,1
368324,2
368325,3
368326,9
368327,8
368328,11
368329,0
368330,0
368331,8
368332,3
368333,6
368334,9
368335,0
368336,11
368337,1
368338,6
368339,3
368340,0
368341,4
368342,8
368343,10
368344,1
368345,8
368346,9
368347,3
368348,11
368349,9
368350,1
368351,8
368352,0
368353,9
368354,8
368355,0
368356,9
368357,5
368358,8
368359,0
368360,9
368361,9
368362,0
368363,5
368364,6
368365,8
368366,8
368367,8
368368,5
368369,0
368370,5
368371,8
368372,8
368373,8
368374,5
368375,0
368377,3
368378,9
368379,9
368380,8
368381,8
368382,1
368383,8
368384,8
368385,9
368386,9
368387,8
368388,8
368389,8
368390,2
368391,9
368392,8
368393,0
368394,9
368395,9
368396,9
368397,9
368398,8
368399,8
368400,8
368401,8
368402,0
368403,8
368404,9
368405,9
368406,8
368407,0
368408,7
368409,10
368410,0
368411,3
368412,8
368413,8
368414,8
368415,7
368416,1
368417,8
368418,11
368419,6
368420,3
368421,3
368422,8
368423,1
368424,6
368425,2
368426,7
368427,7
368428,0
368429,8
368430,8
368431,2
368432,2
368433,2
368434,8
368435,8
368436,5
368437,3
368438,9
368439,2
368440,9
368441,8
368442,8
368443,0
368444,0
368445,3
368446,1
368447,8
368448,8
368449,0
368450,0
368451,11
368452,8
368453,0
368454,8
368455,8
368456,8
368457,0
368458,3
368459,8
368460,9
368461,9
368462,9
368463,9
368464,9
368465,3
368466,8
368467,7
368469,2
368470,8
368471,2
368472,8
368473,3
368474,8
368475,8
368476,8
368477,1
368478,0
368479,0
368480,2
368481,1
368482,4
368483,8
368484,8
368485,11
368486,8
368487,1
368488,1
368489,11
368490,8
368491,0
368492,9
368493,9
368494,9
368495,8
368496,9
368497,9
368498,8
368499,3
368500,2
368501,9
368502,0
368503,8
368504,0
368505,8
368506,9
368507,8
368508,8
368509,8
368510,8
368511,8
368512,9
368513,8
368514,11
368515,8
368516,4
368517,9
368518,8
368519,1
368520,8
368521,9
368522,11
368523,1
368524,0
368525,8
368526,8
368527,2
368528,0
368529,9
368530,8
368531,8
368532,6
368533,5
368534,0
368535,11
368536,3
368537,3
368538,9
368539,3
368540,0
368541,0
368542,9
368543,8
368544,8
368545,8
368546,8
368547,8
368548,0
368549,8
368550,3
368551,8
368552,9
368553,8
368554,1
368555,8
368556,9
368557,3
368558,0
368559,11
368560,7
368561,7
368562,11
368563,6
368564,7
368565,7
368566,7
368567,7
368568,8
368569,2
368570,0
368571,8
368572,8
368573,1
368574,8
368575,9
368576,0
368577,2
368578,5
368579,9
368580,3
368581,5
368582,9
368583,5
368584,8
368585,2
368586,3
368587,1
368588,9
368589,7
368590,3
368591,9
368592,8
368593,8
368594,8
368595,8
368596,2
368597,7
368598,2
368599,0
368600,0
368601,8
368602,2
368603,3
368604,1
368605,2
368606,1
368607,8
368608,11
368609,1
368610,8
368611,8
368612,3
368613,1
368614,8
368615,1
368616,8
368617,8
368618,8
368619,8
368620,1
368621,1
368622,8
368623,8
368624,9
368625,9
368626,8
368627,9
368628,9
368629,9
368630,9
368631,1
368632,3
368633,2
368634,3
368635,5
368636,7
368638,2
368639,8
368640,7
368641,6
368642,3
368643,1
368644,1
368645,9
368646,8
368647,8
368648,3
368649,2
368650,0
368651,10
368652,10
368653,8
368654,3
368655,11
368656,0
368657,3
368658,8
368659,0
368660,8
368661,8
368662,8
368663,11
368664,9
368665,8
368666,8
368667,6
368668,3
368669,2
368670,3
368671,3
368672,1
368673,8
368674,9
368675,9
368676,8
368677,8
368678,1
368679,9
368680,8
368681,8
368682,0
368683,0
368684,8
368685,3
368686,8
368687,9
368688,7
368689,11
368690,3
368691,9
368692,8
368693,0
368694,8
368695,9
368696,7
368697,7
368698,7
368699,9
368700,6
368701,8
368702,3
368703,8
368704,8
368705,9
368706,1
368707,8
368708,9
368709,8
368710,8
368711,9
368712,9
368713,9
368714,2
368715,9
368716,5
368717,5
368718,9
368719,9
368720,9
368721,9
368722,9
368723,9
368724,9
368725,11
368726,8
368727,2
368728,8
368729,9
368730,9
368731,9
368732,8
368733,5
368734,8
368735,7
368736,7
368737,7
368738,7
368739,0
368740,1
368741,8
368742,8
368743,6
368744,8
368745,9
368746,8
368747,8
368748,8
368750,3
368751,8
368752,7
368753,2
368754,7
368756,9
368757,8
368758,6
368759,8
368760,7
368761,5
368762,1
368763,1
368764,8
368765,0
368766,9
368767,9
368768,0
368769,9
368770,9
368771,8
368772,8
368773,8
368774,8
368775,8
368776,9
368777,9
368778,1
368779,2
368780,8
368781,9
368782,0
368783,8
368784,2
368785,8
368786,2
368787,9
368788,1
368789,11
368790,2
368791,1
368792,9
368793,7
368795,2
368796,8
368797,1
368798,3
368799,7
368800,7
368801,2
368802,0
368803,3
368804,0
368805,2
368806,8
368807,1
368808,1
368809,11
368810,1
368811,11
368812,8
368813,8
368814,8
368815,10
368816,8
368817,8
368818,8
368819,1
368820,5
368821,0
368822,8
368823,8
368824,3
368825,1
368826,8
368827,1
368828,8
368829,1
368830,8
368831,9
368832,9
368833,9
368834,8
368835,9
368836,8
368837,8
368838,2
368839,9
368840,11
368841,2
368842,7
368843,8
368844,7
368845,1
368846,7
368847,8
368848,8
368849,2
368850,8
368851,1
368852,2
368853,6
368854,8
368855,1
368856,4
368857,3
368858,8
368859,2
368860,2
368861,10
368862,8
368863,8
368864,11
368865,1
368866,2
368867,1
368868,8
368869,3
368870,2
368871,1
368872,11
368873,1
368874,1
368875,8
368876,1
368877,8
368878,1
368879,2
368880,3
368881,1
368882,10
368883,10
368884,3
368885,1
368886,3
368887,1
368888,1
368889,11
368890,8
368891,8
368892,1
368893,3
368894,7
368896,3
368897,2
368898,1
368899,2
368900,2
368901,8
368902,8
368903,3
368904,8
368905,8
368906,2
368907,1
368908,4
368909,2
368910,7
368912,2
368913,8
368914,11
368915,2
368916,3
368917,8
368918,1
368919,1
368920,3
368921,8
368922,0
368923,11
368924,9
368925,0
368926,0
368927,8
368928,8
368929,8
368930,1
368931,8
368932,7
368933,8
368934,8
368935,11
368936,8
368937,8
368938,8
368939,0
368940,8
368941,1
368942,0
368943,7
368944,0
368945,8
368946,8
368947,0
368948,6
368949,10
368950,1
368951,0
368952,11
368953,9
368954,8
368955,7
368956,7
368957,8
368958,11
368959,8
368960,8
368961,8
368962,7
368963,7
368964,0
368965,8
368966,9
368967,0
368968,6
368969,8
368970,7
368971,8
368972,8
368973,8
368974,9
368975,0
368976,8
368977,8
368978,1
368979,2
368980,9
368981,2
368982,6
368983,8
368984,8
368985,2
368986,2
368987,6
368988,6
368989,6
368990,8
368991,3
368992,1
368993,8
368994,6
368995,11
368996,8
368998,8
368999,0
369000,7
369001,2
369002,1
369003,3
369004,3
369005,1
369006,3
369007,8
369008,8
369009,2
369010,7
369011,9
369012,0
369013,1
369014,6
369015,6
369017,8
369018,9
369019,8
369020,5
369021,8
369022,8
369023,8
369024,9
369025,2
369026,6
369027,9
369028,2
369029,2
369030,6
369031,3
369032,6
369033,8
369034,8
369035,8
369036,6
369037,2
369038,3
369039,8
369040,8
369041,0
369042,0
369043,2
369044,8
369045,2
369046,2
369047,2
369048,2
369049,8
369050,8
369051,11
369052,2
369053,2
369054,2
369055,2
369056,8
369057,2
369058,2
369059,2
369060,8
369061,1
369062,2
369063,2
369064,8
369065,8
369066,8
369067,1
369069,9
369070,9
369071,8
369072,8
369073,2
369074,11
369075,7
369077,2
369078,8
369079,11
369080,2
369081,1
369082,10
369083,0
369084,8
369085,11
369086,11
369087,9
369088,0
369089,2
369090,0
369091,5
369092,5
369093,0
369094,11
369095,8
369096,6
369097,0
369098,1
369099,3
369100,8
369101,9
369102,1
369103,0
369104,9
369105,8
369106,2
369107,3
369108,8
369109,11
369110,2
369111,6
369112,1
369113,7
369114,7
369115,1
369116,2
369117,9
369118,8
369119,8
369120,8
369121,8
369122,1
369123,8
369124,3
369125,1
369126,1
369127,11
369128,3
369129,0
369130,8
369131,11
369132,9
369133,0
369134,0
369135,8
369136,8
369137,0
369138,11
369139,8
369140,0
369141,8
369142,0
369143,8
369144,8
369145,8
369146,4
369147,8
369148,0
369149,0
369150,8
369151,11
369152,8
369153,8
369154,2
369155,0
369156,1
369157,4
369158,0
369159,8
369160,9
369161,9
369162,9
369163,9
369164,8
369165,8
369166,9
369167,8
369168,8
369169,8
369170,3
369171,8
369172,9
369173,1
369174,8
369175,9
369176,9
369177,2
369178,8
369179,7
369180,4
369181,7
369182,3
369183,8
369184,3
369185,8
369186,5
369187,6
369188,3
369189,1
369190,3
369191,0
369192,7
369193,8
369194,8
369195,8
369196,7
369197,0
369198,6
369199,8
369200,7
369201,7
369202,7
369203,2
369204,0
369205,1
369206,2
369207,8
369208,6
369209,5
369210,2
369211,1
369212,1
369213,2
369214,8
369215,5
369216,3
369217,2
369218,5
369219,3
369220,8
369221,1
369222,2
369223,2
369224,8
369225,0
369226,8
369227,1
369228,6
369229,9
369230,8
369231,8
369232,7
369234,2
369235,8
369236,7
369237,6
369238,2
369239,3
369240,1
369241,4
369242,9
369243,8
369244,11
369245,11
369246,0
369247,0
369248,0
369249,0
369250,0
369251,0
369252,0
369253,11
369254,8
369255,1
369256,8
369257,1
369258,1
369259,9
369260,8
369261,2
369262,1
369263,8
369264,8
369265,8
369266,8
369267,8
369268,0
369269,7
369270,7
369271,8
369272,8
369273,1
369274,0
369275,8
369276,8
369277,8
369278,8
369279,1
369280,8
369281,1
369282,8
369283,1
369284,8
369285,7
369286,8
369287,8
369288,7
369289,8
369290,8
369291,0
369292,8
369293,0
369294,7
369295,8
369296,0
369297,2
369298,3
369299,2
369300,7
369301,9
369302,8
369303,0
369304,11
369305,9
369306,9
369307,11
369308,0
369309,1
369310,3
369311,2
369312,8
369313,8
369314,9
369315,8
369316,6
369317,9
369318,9
369319,6
369320,1
369321,9
369322,1
369323,0
369324,8
369325,8
369326,6
369327,8
369328,3
369329,6
369330,2
369331,7
369332,4
369333,2
369334,6
369335,2
369336,2
369337,2
369338,8
369339,8
369340,2
369341,2
369342,2
369343,8
369344,8
369345,2
369346,8
369347,9
369348,8
369349,4
369350,8
369351,3
369352,7
369353,3
369354,9
369355,6
369356,9
369357,3
369358,3
369359,4
369360,5
369361,8
369362,6
369363,2
369364,8
369365,4
369366,8
369367,3
369368,8
369369,2
369370,8
369371,8
369372,2
369373,0
369374,8
369375,9
369376,9
369377,8
369378,8
369379,8
369380,8
369381,2
369382,8
369383,8
369384,8
369385,8
369386,0
369387,8
369388,8
